variable,label,dtype,measure,value_labels,missing
The Life of David Gale (2003),,object,,,""""""
Wing Commander (1999),,object,,,""""""
Django Unchained (2012),,object,,,""""""
Alien (1979),,object,,,""""""
Indiana Jones and the Last Crusade (1989),,object,,,""""""
Snatch (2000),,object,,,""""""
Rambo: First Blood Part II (1985),,object,,,""""""
Fargo (1996),,object,,,""""""
Let the Right One In (2008),,object,,,""""""
Black Swan (2010),,object,,,""""""
King Kong (1976),,object,,,""""""
The Machinist (2004),,object,,,""""""
A Nightmare on Elm Street (1984),,object,,,""""""
Brazil (1985),,object,,,""""""
The Fast and the Furious (2001),,object,,,""""""
Change of Habit (1969),,object,,,""""""
American Beauty (1999),,object,,,""""""
Psycho (1960),,object,,,""""""
Terminator 3: Rise of the Machines (2003),,object,,,""""""
Night of the Living Dead (1968),,object,,,""""""
Man on Fire (2004),,object,,,""""""
Star Wars: Episode IV - A New Hope (1977),,object,,,""""""
The Silence of the Lambs (1991),,object,,,""""""
The Others (2001),,object,,,""""""
Minority Report (2002),,object,,,""""""
Sling Blade (1996),,object,,,""""""
Schindler's List (1993),,object,,,""""""
3000 Miles to Graceland (2001),,object,,,""""""
Magnolia (1999),,object,,,""""""
The Karate Kid Part II (1986),,object,,,""""""
Planet of the Apes (2001),,object,,,""""""
The Godfather: Part II (1974),,object,,,""""""
Indiana Jones and the Temple of Doom (1984),,object,,,""""""
Indiana Jones and the Raiders of the Lost Ark (1981),,object,,,""""""
The Iron Giant (1999),,object,,,""""""
The Matrix Revolutions (2003),,object,,,""""""
North (1994),,object,,,""""""
The Lost World: Jurassic Park (1997),,object,,,""""""
The Texas Chainsaw Massacre (1974),,object,,,""""""
Taxi Driver (1976),,object,,,""""""
Back to the Future (1985),,object,,,""""""
13 Going on 30 (2004),,object,,,""""""
Sorority Boys (2002),,object,,,""""""
The Bridges of Madison County (1995),,object,,,""""""
Billy Madison (1995),,object,,,""""""
Chain Reaction (1996),,object,,,""""""
Batman & Robin (1997),,object,,,""""""
Jurassic Park III (2001),,object,,,""""""
Platoon (1986),,object,,,""""""
Signs (2002),,object,,,""""""
Terms of Endearment (1983),,object,,,""""""
Mission: Impossible II (2000),,object,,,""""""
Lost in Translation (2003),,object,,,""""""
Star Trek: The Motion Picture (1979),,object,,,""""""
Inglorious Bastards (2009),,object,,,""""""
Clueless (1995),,object,,,""""""
The Omen (1976),,object,,,""""""
Shrek 2 (2004),,object,,,""""""
Good Will Hunting (1997),,object,,,""""""
Just Like Heaven (2005),,object,,,""""""
Showgirls (1995),,object,,,""""""
Diamonds are Forever (1971),,object,,,""""""
Crossroads (2002),,object,,,""""""
Pieces of April (2003),,object,,,""""""
Torque (2004),,object,,,""""""
Poltergeist (1982),,object,,,""""""
Fear and Loathing in Las Vegas (1998),,object,,,""""""
Barbarella (1968),,object,,,""""""
The King of Marvin Gardens (1972),,object,,,""""""
The Poseidon Adventure (1972),,object,,,""""""
The Rock (1996),,object,,,""""""
Love Story (1970),,object,,,""""""
The Last Samurai (2003),,object,,,""""""
The Jungle Book (1967),,object,,,""""""
The Exorcist (1973),,object,,,""""""
Pirates of the Caribbean: Dead Man's Chest (2006),,object,,,""""""
Gone in Sixty Seconds (2000),,object,,,""""""
Funny Girl (1968),,object,,,""""""
Honey (2003),,object,,,""""""
Blues Brothers 2000 (1998),,object,,,""""""
Avatar (2009),,object,,,""""""
The Pianist (2002),,object,,,""""""
Godzilla (1998),,object,,,""""""
Fight Club (1999),,object,,,""""""
The Conjuring (2013),,object,,,""""""
Top Gun (1986),,object,,,""""""
Slackers (2002),,object,,,""""""
Shrek (2001),,object,,,""""""
12 Monkeys (1995),,object,,,""""""
From Hell (2001),,object,,,""""""
Dead Poets Society (1989),,object,,,""""""
Once Upon a Time in America (1984),,object,,,""""""
Equilibrium (2002),,object,,,""""""
Star Wars: Episode II - Attack of the Clones (2002),,object,,,""""""
The Thing (1982),,object,,,""""""
Interstellar (2014),,object,,,""""""
Full Metal Jacket (1987),,object,,,""""""
Big Fish (2003),,object,,,""""""
Cool Hand Luke (1967),,object,,,""""""
A Beautiful Mind (2001),,object,,,""""""
Sholay (1978),,object,,,""""""
The 51st State (2001),,object,,,""""""
Die Hard With a Vengeance (1995),,object,,,""""""
Elf (2003),,object,,,""""""
The Blue Lagoon (1980),,object,,,""""""
Hellraiser (1987),,object,,,""""""
Moonraker (1979),,object,,,""""""
Leon (1994),,object,,,""""""
Mystic River (2003),,object,,,""""""
Sexy Beast (2000),,object,,,""""""
Beetle Juice (1988),,object,,,""""""
Andaz Apna Apna (1994),,object,,,""""""
The Proposal (2009),,object,,,""""""
The Shining (1980),,object,,,""""""
The Land That Time Forgot (1974),,object,,,""""""
The Perfect Storm (2000),,object,,,""""""
Escape from LA (1996),,object,,,""""""
Shutter Island (2010),,object,,,""""""
JFK (1991),,object,,,""""""
Barb Wire (1996),,object,,,""""""
Oldboy (2003),,object,,,""""""
Carrie (1976),,object,,,""""""
The Good the Bad and the Ugly (1966),,object,,,""""""
Speed 2: Cruise Control (1997),,object,,,""""""
The Lord of the Rings: The Fellowship of the Ring (2001),,object,,,""""""
The Talented Mr. Ripley (1999),,object,,,""""""
Casino (1995),,object,,,""""""
A Time to Kill (1996),,object,,,""""""
Blazing Saddles (1974),,object,,,""""""
The Doom Generation (1995),,object,,,""""""
Armageddon (1998),,object,,,""""""
X-Men (2000),,object,,,""""""
Arachnophobia (1990),,object,,,""""""
Stir Crazy (1980),,object,,,""""""
Billy Jack (1971),,object,,,""""""
The Silencers (1966),,object,,,""""""
The Three Musketeers (1993),,object,,,""""""
Girl Interrupted (1999),,object,,,""""""
Finding Nemo (2003),,object,,,""""""
Tropic of Cancer (1970),,object,,,""""""
The Sixth Sense (1999),,object,,,""""""
I Know What You Did Last Summer (1997),,object,,,""""""
Indiana Jones and the Kingdom of the Crystal Skull (2008),,object,,,""""""
Divine Secrets of the Ya-Ya Sisterhood (2002),,object,,,""""""
Ace Ventura: When Nature Calls (1995),,object,,,""""""
Dances with Wolves (1990),,object,,,""""""
Date and Switch (2014),,object,,,""""""
The Intouchables (2011),,object,,,""""""
Mrs. Doubtfire (1993),,object,,,""""""
Ghostbusters (2016),,object,,,""""""
Almost Famous (2000),,object,,,""""""
Blade Runner (1982),,object,,,""""""
Unforgiven (1992),,object,,,""""""
Rosemary's Baby (1968),,object,,,""""""
Cheaper by the Dozen (2003),,object,,,""""""
Can't Hardly Wait (1998),,object,,,""""""
Die Another Day (2002),,object,,,""""""
Toy Story 2 (1999),,object,,,""""""
Transformers: Age of Extinction (2014),,object,,,""""""
Like Stars on Earth (2007),,object,,,""""""
Terminator 2: Judgement Day (1991),,object,,,""""""
25th Hour (2002),,object,,,""""""
Who's Afraid of Virginia Woolf (1966),,object,,,""""""
Adaption (2002),,object,,,""""""
Life is Beautiful (1997),,object,,,""""""
Room (2015),,object,,,""""""
Scream (1996),,object,,,""""""
The Evil Dead (1981),,object,,,""""""
Gangs of New York (2002),,object,,,""""""
Stand By Me (1986),,object,,,""""""
The Vow (2012),,object,,,""""""
Toy Story 3 (2010),,object,,,""""""
The Matrix Reloaded (2003),,object,,,""""""
Once Upon a Time in the West (1968),,object,,,""""""
Star Wars: Episode V - The Empire Strikes Back (1980),,object,,,""""""
War Games (1983),,object,,,""""""
Kill Bill: Vol. 2 (2004),,object,,,""""""
Saving Private Ryan (1998),,object,,,""""""
Just Married (2003),,object,,,""""""
Being John Malkovich (1999),,object,,,""""""
Father's Day (1997),,object,,,""""""
Batman (1989),,object,,,""""""
Se7en (1995),,object,,,""""""
Happy Gilmore (1996),,object,,,""""""
My Big Fat Greek Wedding (2002),,object,,,""""""
Boomerang (1992),,object,,,""""""
The Avengers (2012),,object,,,""""""
In America (2002),,object,,,""""""
Tarzan (1999),,object,,,""""""
Scent of a Woman (1992),,object,,,""""""
The Cabin in the Woods (2012),,object,,,""""""
Spider-Man (2002),,object,,,""""""
Broken Arrow (1996),,object,,,""""""
Baby Geniuses (1999),,object,,,""""""
Battlefield Earth (2000),,object,,,""""""
The Firm (1993),,object,,,""""""
De-Lovely (2004),,object,,,""""""
Die Hard (1988),,object,,,""""""
The Lord of the Rings: The Two Towers (2002),,object,,,""""""
The Blair Witch Project (1999),,object,,,""""""
Judge Dredd (1995),,object,,,""""""
10 Things I Hate About You (1999),,object,,,""""""
The Insider (1999),,object,,,""""""
Erik the Viking (1989),,object,,,""""""
Pirates of the Caribbean: At World's End (2007),,object,,,""""""
The Ring (2002),,object,,,""""""
The Truman Show (1998),,object,,,""""""
Forrest Gump (1994),,object,,,""""""
I.Q. (1994),,object,,,""""""
Goodfellas (1990),,object,,,""""""
Uptown Girls (2003),,object,,,""""""
Beauty and the Beauty (1991),,object,,,""""""
Black Hawk Down (2001),,object,,,""""""
Knight and Day (2010),,object,,,""""""
The Shawshank Redemption (1994),,object,,,""""""
Sleepy Hollow (1999),,object,,,""""""
The Holiday (2006),,object,,,""""""
Sixteen Candles (1984),,object,,,""""""
10000 BC (2008),,object,,,""""""
Austin Powers: The Spy Who Shagged Me (1999),,object,,,""""""
The Lion King (1994),,object,,,""""""
Child's Play (1988),,object,,,""""""
Anger Management (2002),,object,,,""""""
Angels in the Outfield (1994),,object,,,""""""
Wild Wild West (1999),,object,,,""""""
Split (2016),,object,,,""""""
Bad Boys (1995),,object,,,""""""
The Prestige (2006),,object,,,""""""
American Graffiti (1973),,object,,,""""""
Air Force One (1997),,object,,,""""""
Harry Potter and the Sorcerer's Stone (2001),,object,,,""""""
Close Encounters of the Third Kind (1977),,object,,,""""""
Hollow Man (2000),,object,,,""""""
Point Break (1991),,object,,,""""""
I Robot (2004),,object,,,""""""
Batman: The Dark Knight (2008),,object,,,""""""
Ghost (1990),,object,,,""""""
A Bug's Life (1998),,object,,,""""""
American Pie (1999),,object,,,""""""
Daredevil (2003),,object,,,""""""
The Bandit (1996),,object,,,""""""
Grease (1978),,object,,,""""""
The Girl Next Door (2004),,object,,,""""""
The Godfather (1972),,object,,,""""""
Cloverfield (2008),,object,,,""""""
Rush Hour 2 (2001),,object,,,""""""
Bruce Almighty (2003),,object,,,""""""
Girl With a Pearl Earring (2003),,object,,,""""""
Grown Ups 2 (2013),,object,,,""""""
Best Laid Plans (1999),,object,,,""""""
Bram Stoker's Dracula (1992),,object,,,""""""
Fahrenheit 9/11 (2004),,object,,,""""""
Donnie Darko (2001),,object,,,""""""
Bad Teacher (2011),,object,,,""""""
Cable Guy (1996),,object,,,""""""
Ice Age (2002),,object,,,""""""
Misery (1990),,object,,,""""""
8 Mile (2002),,object,,,""""""
Harry Potter and the Deathly Hallows: Part 2 (2011),,object,,,""""""
Ouija: Origin of Evil (2016),,object,,,""""""
The Deer Hunter (1978),,object,,,""""""
There's Something About Mary (1998),,object,,,""""""
Zoolander (2001),,object,,,""""""
The Core (2003),,object,,,""""""
Spirited Away (2001),,object,,,""""""
Rocky (1976),,object,,,""""""
Traffic (2000),,object,,,""""""
Monsters  Inc.(2001),,object,,,""""""
Thoroughly Modern Millie (1967),,object,,,""""""
Requiem for a Dream (2000),,object,,,""""""
Downfall (2004),,object,,,""""""
L.A. Confidential (1997),,object,,,""""""
Chicago (2002),,object,,,""""""
Star Wars: Episode 1 - The Phantom Menace (1999),,object,,,""""""
Rain Man (1988),,object,,,""""""
What Lies Beneath (2000),,object,,,""""""
Toy Story (1995),,object,,,""""""
Boy's Don't Cry (1999),,object,,,""""""
Pearl Harbor (2001),,object,,,""""""
A.I. Artificial Intelligence (2001),,object,,,""""""
The Sting (1973),,object,,,""""""
Scream 3 (2000),,object,,,""""""
Congo (1995),,object,,,""""""
Bowling For Columbine (2002),,object,,,""""""
What Women Want (2000),,object,,,""""""
Home Alone (1990),,object,,,""""""
How the Grinch Stole Christmas (2000),,object,,,""""""
The Straight Story (1999),,object,,,""""""
The Hulk (2003),,object,,,""""""
Gigli (2002),,object,,,""""""
Rocky V (1991),,object,,,""""""
The Visit (2015),,object,,,""""""
Titanic (1997),,object,,,""""""
A Clockwork Orange (1971),,object,,,""""""
Charlie's Angels (2000),,object,,,""""""
Friday the 13th Part III (1982),,object,,,""""""
Hannibal (2001),,object,,,""""""
Pulp Fiction (1994),,object,,,""""""
Crimson Tide (1995),,object,,,""""""
Blow (2001),,object,,,""""""
Ran (1985),,object,,,""""""
Mulholland Dr. (2001),,object,,,""""""
Apocalypse Now (1979),,object,,,""""""
Cinema Paradiso (1988),,object,,,""""""
Double Jeopardy (1999),,object,,,""""""
The Big Lebowski (1998),,object,,,""""""
The Matrix (1999),,object,,,""""""
The Lord of the Rings: The Return of the King (2003),,object,,,""""""
Reservoir Dogs (1992),,object,,,""""""
Heavy Traffic (1973),,object,,,""""""
Memento (2000),,object,,,""""""
Dogville (2003),,object,,,""""""
American Psycho (2000),,object,,,""""""
Kill Bill: Vol. 1 (2003),,object,,,""""""
The Fugitive (1993),,object,,,""""""
Bend it Like Beckham (2002),,object,,,""""""
Austin Powers in Goldmember (2002),,object,,,""""""
The Mummy Returns (2001),,object,,,""""""
The Nightmare Before Christmas (1993),,object,,,""""""
La La Land (2016),,object,,,""""""
Flowers in the Attic (1987),,object,,,""""""
28 Days Later (2002),,object,,,""""""
The Princess Bride (1987),,object,,,""""""
The Green Mile (1999),,object,,,""""""
Predator (1987),,object,,,""""""
A Night at the Roxbury (1998),,object,,,""""""
Ed Wood (1994),,object,,,""""""
Aliens (1986),,object,,,""""""
Meet the Parents (2000),,object,,,""""""
Independence Day (1996),,object,,,""""""
Who Framed Roger Rabbit (1988),,object,,,""""""
As Good as it Gets (1997),,object,,,""""""
Butch Cassidy and the Sundance Kid (1969),,object,,,""""""
You're Next (2011),,object,,,""""""
The Final Conflict (1981),,object,,,""""""
City of God (2002),,object,,,""""""
Star Wars: Episode VII - The Force Awakens (2015),,object,,,""""""
The Transporter (2002),,object,,,""""""
Cast Away (2000),,object,,,""""""
Bad Boys 2 (2003),,object,,,""""""
The Babadook (2014),,object,,,""""""
Saw (2004),,object,,,""""""
Star Wars: Episode VI - The Return of the Jedi (1983),,object,,,""""""
Scary Movie (2000),,object,,,""""""
E.T. The Extra-Terrestrial (1982),,object,,,""""""
American History X (1998),,object,,,""""""
FeardotCom (2002),,object,,,""""""
Halloween (1978),,object,,,""""""
Along Came a Spider (2002),,object,,,""""""
The Mist (2007),,object,,,""""""
Aladdin (1992),,object,,,""""""
Pirates of the Caribbean: The Curse of the Black Pearl (2003),,object,,,""""""
Men in Black (1997),,object,,,""""""
Eternal Sunshine of the Spotless Mind (2004),,object,,,""""""
Ocean's Eleven (2001),,object,,,""""""
Men in Black II (2002),,object,,,""""""
Cocktail (1988),,object,,,""""""
The Wolf of Wall Street (2013),,object,,,""""""
The Game (1997),,object,,,""""""
Red Sonja (1985),,object,,,""""""
One Flew Over the Cuckoo's Nest (1975),,object,,,""""""
Freddy Got Fingered (2001),,object,,,""""""
The Village (2004),,object,,,""""""
Miller's Crossing (1990),,object,,,""""""
My Best Friend's Wedding (1997),,object,,,""""""
Iron Man 3 (2013),,object,,,""""""
Big Daddy (1999),,object,,,""""""
Suspiria (1977),,object,,,""""""
The Passenger (1975),,object,,,""""""
The Station Agent (2003),,object,,,""""""
Jurassic Park (1993),,object,,,""""""
Captain America: Civil War (2016),,object,,,""""""
A Perfect Murder (1998),,object,,,""""""
Analyze That (2002),,object,,,""""""
Braveheart (1995),,object,,,""""""
Inception (2010),,object,,,""""""
Groundhog Day (1993),,object,,,""""""
The Lookout (2007),,object,,,""""""
21 Grams (2003),,object,,,""""""
Gladiator (2000),,object,,,""""""
Midnight Cowboy (1969),,object,,,""""""
Fatal Attraction (1987),,object,,,""""""
House of Sand and Fog (2003),,object,,,""""""
On Golden Pond (1981),,object,,,""""""
The Mummy (1999),,object,,,""""""
The Descent (2005),,object,,,""""""
Runaway Bride (1999),,object,,,""""""
Harry Potter and the Goblet of Fire (2005),,object,,,""""""
Gods and Generals (2003),,object,,,""""""
My Father and My Son (2005),,object,,,""""""
X-Men 2 (2003),,object,,,""""""
The Usual Suspects (1995),,object,,,""""""
The Mask (1994),,object,,,""""""
Jaws (1975),,object,,,""""""
Harry Potter and the Chamber of Secrets (2002),,object,,,""""""
Patton (1970),,object,,,""""""
Anaconda (1997),,object,,,""""""
Twister (1996),,object,,,""""""
MacArthur (1977),,object,,,""""""
Look Who's Talking (1989),,object,,,""""""
I enjoy driving fast,,object,,,""""""
I enjoy rollercoasters ,,object,,,""""""
Have you ever bungee-jumped?,,object,,,""""""
I enjoy impulse shopping,,object,,,""""""
I sometimes go out on weeknights even if I have work to do,,object,,,""""""
I enjoy doing things without too much planning ,,object,,,""""""
Have you ever been rock climbing?,,object,,,""""""
I enjoy being in large loud crowds like the Times Square Ball Drop on New Years Eve,,object,,,""""""
I enjoy going to large music or dance festivals ,,object,,,""""""
I enjoy watching horror movies,,object,,,""""""
No risk - No fun,,object,,,""""""
I like to be surprised even if it startles or scares me,,object,,,""""""
Have you ever parachuted?,,object,,,""""""
I enjoy haunted houses,,object,,,""""""
I had a sheltered upbringing,,object,,,""""""
My life is very stressful,,object,,,""""""
I value my life to be well ordered and predictable,,object,,,""""""
Have you ridden a motorcycle?,,object,,,""""""
Have you gambled or bet for money?,,object,,,""""""
Have you ever been sky-diving?,,object,,,""""""
Is talkative,,object,,,""""""
Tends to find fault with others,,object,,,""""""
Does a thorough job,,object,,,""""""
Is depressed/Blue,,object,,,""""""
Is original/comes up with new ideas,,object,,,""""""
Is reserved,,object,,,""""""
Is helpful and unselfish with others,,object,,,""""""
Can be somewhat careless,,object,,,""""""
Is relaxed/handles stress well,,object,,,""""""
Is curious about many different things,,object,,,""""""
Is full of energy,,object,,,""""""
Starts quarrels with others,,object,,,""""""
Is a reliable worker,,object,,,""""""
Can be tense,,object,,,""""""
Is ingenious/a deep thinker,,object,,,""""""
Generates a lot of Enthusiasm,,object,,,""""""
Has a forgiving nature,,object,,,""""""
Tends to be disorganized,,object,,,""""""
Worries a lot,,object,,,""""""
Has an active imagination,,object,,,""""""
Tends to be quiet,,object,,,""""""
Is generally trusting,,object,,,""""""
Tends to be lazy,,object,,,""""""
Is emotionally stable/not easily upset,,object,,,""""""
is inventive,,object,,,""""""
Has an assertive personality,,object,,,""""""
Can be cold and aloof,,object,,,""""""
Perseveres until the task is finished,,object,,,""""""
Can be moody,,object,,,""""""
Values artistic/aesthetic experiences,,object,,,""""""
Is sometimes shy/inhibited,,object,,,""""""
Is considerate and kind to almost everyone,,object,,,""""""
Does things efficiently,,object,,,""""""
Remains calm in tense situations,,object,,,""""""
Prefers work that is routine,,object,,,""""""
is outgoing/sociable,,object,,,""""""
Is sometimes rude to others,,object,,,""""""
Makes plans and follows through with them,,object,,,""""""
Gets nervous easily,,object,,,""""""
Likes to reflect/play with ideas,,object,,,""""""
Has few artistic interests,,object,,,""""""
Likes to cooperate with others,,object,,,""""""
Is easily distracted,,object,,,""""""
Is sophisticated in art or music or literature,,object,,,""""""
I have cried during a movie,,object,,,""""""
I have trouble following the story of a movie,,object,,,""""""
I have trouble remembering the story of a movie a couple of days after seeing it,,object,,,""""""
When watching a movie I cheer or shout or talk or curse at the screen,,object,,,""""""
When watching a movie I feel like the things on the screen are happening to me,,object,,,""""""
As a movie unfolds I start to have problems keeping track of events that happened earlier,,object,,,""""""
"The emotions on the screen ""rub off"" on me - for instance if something sad is happening I get sad or if something frightening is happening I get scared",,object,,,""""""
When watching a movie I get completely immersed in the alternative reality of the film,,object,,,""""""
Movies change my position on social economic or political issues,,object,,,""""""
When watching movies things get so intense that I have to stop watching,,object,,,""""""
Gender identity (1 = female; 2 = male; 3 = self-described),,object,,,""""""
Are you an only child? (1: Yes; 0: No; -1: Did not respond),,object,,,""""""
Movies are best enjoyed alone (1: Yes; 0: No; -1: Did not respond),,object,,,""""""
